{
  "timestamp": "2025-06-27T15:01:50.352332",
  "node_id": "T009",
  "iterations": [
    {
      "iteration": 1,
      "output": {
        "final_format": "html",
        "fallback_markdown": "Comprehensive HTML report on nuclear fusion startups.",
        "reasoning": "Used all_globals_schema fields and tool outputs to generate a comprehensive report with multiple sections, including executive summary, funding analysis, geographic distribution, technology breakdown, company profiles, market trends, strategic recommendations, and risk factors. All _T### fields have been integrated, and missing or ambiguous data is flagged.",
        "formatted_report_T009": "<div class=\"comprehensive-report\">\n<h1>📊 COMPREHENSIVE NUCLEAR FUSION STARTUP ANALYSIS REPORT</h1>\n\n<div class=\"executive-summary\">\n<h2>🎯 Executive Summary</h2>\n<p>This report provides a detailed analysis of the nuclear fusion startup landscape. It identifies key players, funding trends, geographic distribution, and technological approaches. The analysis is based on data extracted from various sources, including energystartups.org, dealroom.co, tracxn.com, and seedtable.com. The report highlights the significant investments in this sector, with over $6.7 billion in VC funding raised by over 50 nuclear fusion startups globally. The United States leads in the number of companies, followed by the United Kingdom and Canada. Key trends include the increasing activity in early-stage startups and the diversity of reactor technologies being pursued. Strategic recommendations focus on areas for investment, collaboration, and technological development.</p>\n</div>\n\n<div class=\"market-landscape\">\n<h2>🔍 Market Landscape Overview</h2>\n<p>The nuclear fusion market is characterized by a mix of established research institutions and innovative startups. The industry aims to replicate the energy-generating processes of the sun on Earth, offering a potentially limitless source of clean energy. While commercial viability is still years away, significant progress has been made in recent years, attracting substantial investment and research interest. The market is driven by the increasing demand for clean energy solutions and the potential for fusion to address global energy challenges. Different reactor technologies are being explored, including magnetic confinement, inertial confinement, and magneto-inertial confinement.</p>\n</div>\n\n<div class=\"funding-analysis\">\n<h2>💰 Funding Analysis Deep Dive</h2>\n<p>The nuclear fusion sector has seen substantial funding in recent years. According to Dealroom.co, over 50 nuclear fusion startups have raised a total of $6.7 billion in VC funding. 2024 was a significant year for VC funding in this segment, with over $1.6 billion invested. While total funding peaked in 2021 with large financings to Commonwealth Fusion Systems (CFS) and Helion Energy, 2023 and 2024 were the two most active years by the number of rounds, indicating a burgeoning early-stage startup scene.</p>\n\n<h3>Funding by Company</h3>\n<table>\n<thead>\n<tr>\n<th>Company</th>\n<th>Funding (USD)</th>\n</tr>\n</thead>\n<tbody>\n<tr>\n<td>Commonwealth Fusion Systems</td>\n<td>$2.1B</td>\n</tr>\n<tr>\n<td>TAE Technologies</td>\n<td>$1.2B</td>\n</tr>\n<tr>\n<td>Helion Energy</td>\n<td>$977M</td>\n</tr>\n<tr>\n<td>General Fusion</td>\n<td>$455M</td>\n</tr>\n<tr>\n<td>Zap Energy</td>\n<td>$330M</td>\n</tr>\n<tr>\n<td>Tokamak Energy</td>\n<td>$287M</td>\n</tr>\n<tr>\n<td>Xcimer Energy</td>\n<td>$117.8M</td>\n</tr>\n<tr>\n<td>Marvel Fusion</td>\n<td>$93.0M</td>\n</tr>\n<tr>\n<td>Type One Energy</td>\n<td>$82.5M</td>\n</tr>\n<tr>\n<td>Focused Energy</td>\n<td>$79M</td>\n</tr>\n<tr>\n<td>Avalanche Energy</td>\n<td>$51.6M</td>\n</tr>\n<tr>\n<td>Renaissance Fusion</td>\n<td>$49.2M</td>\n</tr>\n<tr>\n<td>Realta Fusion</td>\n<td>$48M</td>\n</tr>\n<tr>\n<td>Terrestrial Energy</td>\n<td>$40.7M</td>\n</tr>\n<tr>\n<td>HB11 Energy</td>\n<td>$22M</td>\n</tr>\n<tr>\n<td>NT-Tao</td>\n<td>$22M</td>\n</tr>\n<tr>\n<td>LeadCold</td>\n<td>$21.1M</td>\n</tr>\n<tr>\n<td>Thea Energy</td>\n<td>$20M</td>\n</tr>\n<tr>\n<td>Moltex Energy</td>\n<td>$7.5M</td>\n</tr>\n<tr>\n<td>Horne Technologies</td>\n<td>$3.1M</td>\n</tr>\n<tr>\n<td>Fusion Energy Solutions</td>\n<td>$3.0M</td>\n</tr>\n<tr>\n<td>HelicitySpace</td>\n<td>$150.0k</td>\n</tr>\n</tbody>\n</table>\n</div>\n\n<div class=\"geographic-distribution\">\n<h2>🌍 Geographic Distribution Analysis</h2>\n<p>The majority of nuclear fusion startups are located in countries with a strong heritage in international fusion research. More than half of these are in the US (28), 13 in Europe (of which 5 in the UK), 3 in Japan, 2 in Canada, 1 in Israel and 2 in Australia & New Zealand. This distribution reflects the concentration of research facilities, funding sources, and talent pools in these regions.</p>\n\n<h3>Companies by Region</h3>\n<table>\n<thead>\n<tr>\n<th>Region</th>\n<th>Number of Companies</th>\n</tr>\n</thead>\n<tbody>\n<tr>\n<td>USA</td>\n<td>11</td>\n</tr>\n<tr>\n<td>UK</td>\n<td>2</td>\n</tr>\n<tr>\n<td>Canada</td>\n<td>1</td>\n</tr>\n<tr>\n<td>Germany</td>\n<td>2</td>\n</tr>\n<tr>\n<td>France</td>\n<td>1</td>\n</tr>\n<tr>\n<td>Japan</td>\n<td>1</td>\n</tr>\n<tr>\n<td>Australia</td>\n<td>1</td>\n</tr>\n<tr>\n<td>Israel</td>\n<td>1</td>\n</tr>\n<tr>\n<td>China</td>\n<td>1</td>\n</tr>\n<tr>\n<td>Stockholm</td>\n<td>1</td>\n</tr>\n</tbody>\n</table>\n</div>\n\n<div class=\"technology-breakdown\">\n<h2>⚙️ Technology Breakdown</h2>\n<p>Fusion reactors come in a number of different flavors, from \"traditional\" magnetic confinement to impact fusion and inertial confinement. The question of which, if any, will be the first to attain grid-ready fusion power remains an open one. Each approach has its own advantages and disadvantages in terms of efficiency, scalability, and technological maturity.</p>\n\n<h3>Fusion Reactor Types</h3>\n<ul>\n<li><b>Magnetic Confinement:</b> Uses strong magnetic fields to confine plasma. Examples include Tokamak Energy and Commonwealth Fusion Systems.</li>\n<li><b>Inertial Confinement:</b> Uses lasers or particle beams to compress and heat fuel. Examples include Xcimer Energy and Focused Energy.</li>\n<li><b>Magneto-Inertial Confinement:</b> Combines aspects of both magnetic and inertial confinement. Examples include Helion Energy.</li>\n<li><b>Hybrid magnetic and electrostatic confinement:</b> CTFusion, Horne Technologies, Avalanche Energ, SHINE Technolog, HyperJet Fusion</li>\n<li><b>Muon-catalyzed fusion:</b> NK Labs, Acceleron Fusio</li>\n<li><b>Non-thermal laser fusion:</b> Xcimer Energy, HB11</li>\n</ul>\n</div>\n\n<div class=\"company-profiles\">\n<h2>🏢 Company Profiles (Top 10)</h2>\n\n<div class=\"company-profile\">\n<h3>Commonwealth Fusion Systems</h3>\n<p><b>Founded:</b> 2018</p>\n<p><b>Location:</b> Cambridge, MA, USA</p>\n<p><b>Funding:</b> $2.1B</p>\n<p><b>Description:</b> Developing fusion power systems based on ARC tokamak reactors. It uses rare-earth barium copper oxide in high-field superconducting magnets for the working of compact fusion reactors.</p>\n<p><b>Key Investors:</b> Temasek, Khosla Ventures, 42 Other s</p>\n</div>\n\n<div class=\"company-profile\">\n<h3>TAE Technologies</h3>\n<p><b>Founded:</b> 1998</p>\n<p><b>Location:</b> Lake Forest, CA, USA</p>\n<p><b>Funding:</b> $1.2B</p>\n<p><b>Description:</b> TAE Technologies utilizes proprietary advanced beam-driven Field Reversed Configuration (FRC) technology to create a superheated plasma environment. The phenomenon uses a closed magnetic field to hold plasma & accelerated particles due to hydrogen and boron would fusion(p-B11) & result in the generation of helium and energy.</p>\n<p><b>Key Investors:</b> Venrock, Goldman Sachs and 20 Other s</p>\n</div>\n\n<div class=\"company-profile\">\n<h3>Helion Energy</h3>\n<p><b>Founded:</b> 2010</p>\n<p><b>Location:</b> Redmond, WA, USA</p>\n<p><b>Funding:</b> $977M</p>\n<p><b>Description:</b> Helion Energy is a fusion power company aiming to build the world's first fusion power plant. A plasma generated from deuterium & helium is accelerated by pulsed magnetic fields to fuse the nuclei resulting in the release of high temperature. Heat energy is used to generate power.</p>\n<p><b>Key Investors:</b> Y Combinator, Mithril and 15 Other s</p>\n</div>\n\n<div class=\"company-profile\">\n<h3>General Fusion</h3>\n<p><b>Founded:</b> 2002</p>\n<p><b>Location:</b> Burnaby, Canada</p>\n<p><b>Funding:</b> $455M</p>\n<p><b>Description:</b> General Fusion is a developer of a magnetized nuclear fusion reactor. The reactor consists of 3 main components, a plasma injector, which converts hydrogen fuel into plasma & holds in a magnetic field; liquid metal wall, which compresses the plasma & captures the energy released; piston array, which collapses liquid metal vortex & shockwave formation by plasma compression. The hot liquid metal is used to operate a heat exchanger by producing power.</p>\n<p><b>Key Investors:</b> Chrysalix Venture Capital, Temasek and 38 Other s</p>\n</div>\n\n<div class=\"company-profile\">\n<h3>Zap Energy</h3>\n<p><b>Founded:</b> 2017</p>\n<p><b>Location:</b> Everett, WA, USA</p>\n<p><b>Funding:</b> $330M</p>\n<p><b>Description:</b> Developing compact fusion power that doesn't require magnets or lasers.</p>\n<p><b>Key Investors:</b> Chevron Technology Ventures, Soros Fund Management and 15 Other s</p>\n</div>\n\n<div class=\"company-profile\">\n<h3>Tokamak Energy</h3>\n<p><b>Founded:</b> 2009</p>\n<p><b>Location:</b> Abingdon-on-Thames, UK</p>\n<p><b>Funding:</b> $287M</p>\n<p><b>Description:</b> Aims to accelerate the development of fusion energy. Tokamak Energy was founded by leading scientists from the worlds leading fusion research establishment at Culham to develop the potential to use fusion neutrons for a variety of applications from material treatments to medical applications or low cost hydrogen production. The technology is also applicable in the area of nuclear waste, where it...</p>\n</div>\n\n\n<div class=\"company-profile\">\n<h3>Neo Fusion</h3>\n<p><b>Founded:</b> N/A</p>\n<p><b>Location:</b> China</p>\n<p><b>Funding:</b> CN1.5B</p>\n<p><b>Description:</b> Operates as a nuclear fusion startup develops technologies to harness the power of the Sun to bring controlled fusion for commercial uses.</p>\n</div>\n\n<div class=\"company-profile\">\n<h3>Proxima Fusion</h3>\n<p><b>Founded:</b> N/A</p>\n<p><b>Location:</b> Germany</p>\n<p><b>Funding:</b> 181.5M</p>\n<p><b>Description:</b> Creates new types of power plants using stellarators that optimised to create magnetic cages for high-energy particles.</p>\n</div>\n\n<div class=\"company-profile\">\n<h3>Marvel Fusion</h3>\n<p><b>Founded:</b> 2019</p>\n<p><b>Location:</b> Munich, Germany</p>\n<p><b>Funding:</b> $93.0M</p>\n<p><b>Description:</b> Its innovative approach to fusion energy sets Marvel Fusion apart from its competitors. Instead of relying on temperature to reach fusion conditions, Marvel Fusion uses particle acceleration, making the approach much more efficient than conventional thermal approaches to fusion.</p>\n</div>\n\n<div class=\"company-profile\">\n<h3>Xcimer Energy</h3>\n<p><b>Founded:</b> N/A</p>\n<p><b>Location:</b> USA</p>\n<p><b>Funding:</b> $117.8M</p>\n<p><b>Description:</b> Offers a laser-driven fusion to provide cheap, abundant, and carbon-free energy.</p>\n</div>\n\n</div>\n\n<div class=\"market-trends\">\n<h2>📈 Market Trends & Insights</h2>\n<p>Several key trends are shaping the nuclear fusion startup landscape:</p>\n<ul>\n<li><b>Increasing Early-Stage Activity:</b> The growing number of funding rounds for early-stage startups indicates a vibrant and expanding ecosystem.</li>\n<li><b>Diversification of Technologies:</b> Startups are exploring a wide range of fusion reactor technologies, increasing the likelihood of a breakthrough.</li>\n<li><b>Geographic Concentration:</b> The concentration of startups in specific regions highlights the importance of research infrastructure and funding availability.</li>\n<li><b>Growing Investor Interest:</b> The substantial funding raised by nuclear fusion startups reflects the increasing confidence of investors in the potential of fusion energy.</li>\n</ul>\n</div>\n\n<div class=\"strategic-recommendations\">\n<h2>🎯 Strategic Recommendations</h2>\n<p>Based on the analysis, several strategic recommendations can be made:</p>\n<ul>\n<li><b>Investment in Early-Stage Startups:</b> Investors should consider allocating capital to early-stage startups with promising technologies and strong teams.</li>\n<li><b>Collaboration and Partnerships:</b> Collaboration between startups, research institutions, and established energy companies can accelerate the development of fusion energy.</li>\n<li><b>Focus on Technology Development:</b> Continued investment in technology development is crucial to overcome the technical challenges of achieving commercial fusion.</li>\n<li><b>Policy Support:</b> Governments should provide policy support to encourage the development of fusion energy, including funding for research and development and incentives for private investment.</li>\n</ul>\n</div>\n\n<div class=\"risk-factors\">\n<h2>⚠️ Risk Factors and Uncertainties</h2>\n<p>The nuclear fusion sector faces several risk factors and uncertainties that could impact its development and commercialization. These include:</p>\n<ul>\n<li><b>Technical Challenges:</b> Achieving sustained and efficient fusion reactions remains a significant technical challenge. The complexity of plasma physics and the extreme conditions required for fusion pose significant hurdles.</li>\n<li><b>Funding Risks:</b> Fusion research requires substantial capital investment, and funding availability can be uncertain. Economic downturns or changes in government policy could impact funding levels.</li>\n<li><b>Regulatory Hurdles:</b> The regulatory framework for fusion energy is still evolving, and potential regulatory hurdles could delay or complicate the commercialization of fusion technology.</li>\n<li><b>Competition from Other Energy Sources:</b> Fusion energy will face competition from other clean energy sources, such as solar, wind, and nuclear fission. The economic viability of fusion will depend on its ability to compete with these alternatives.</li>\n<li><b>Long Development Timelines:</b> The development of commercial fusion energy is a long-term endeavor, and it may take decades to achieve widespread deployment. This long development timeline creates uncertainty and increases the risk of technological obsolescence.</li>\n</ul>\n<p>The successful development of nuclear fusion energy will depend on overcoming these risk factors and uncertainties through continued research, technological innovation, and policy support. Managing these risks is crucial for investors, startups, and policymakers involved in the sector. The development timelines are extensive, with many companies aiming for commercial viability in the 2030s or later, making long-term strategic planning and adaptive management essential.</p>\n\n<p>Additionally, public perception and acceptance of nuclear technology play a critical role. Addressing concerns about safety, waste disposal, and environmental impact is crucial for gaining public support and ensuring the long-term sustainability of the fusion industry. This requires transparent communication, robust safety protocols, and engagement with local communities to build trust and address potential concerns proactively.</p>\n</div>\n\n<div class=\"hidden-signals\">\n<h2>🕵️ Hidden Signals and Meta Observations</h2>\n<p>Several hidden signals and meta observations can be derived from the data:</p>\n<ul>\n<li><b>Regional Clusters:</b> The concentration of fusion startups in specific regions, such as the US East Coast and the UK, suggests the presence of strong regional ecosystems that foster innovation and collaboration.</li>\n<li><b>Technology Trends:</b> The increasing interest in compact fusion reactors indicates a shift towards smaller, more affordable fusion devices.</li>\n<li><b>Funding Gaps:</b> While substantial funding has been raised by the leading fusion startups, there may be funding gaps for early-stage companies and those pursuing novel technologies.</li>\n<li><b>Cross-Source Validation:</b> Comparing data from multiple sources reveals inconsistencies and gaps in the available information, highlighting the need for more comprehensive and reliable data on the nuclear fusion sector.</li>\n</ul>\n</div>\n\n<div class=\"source-citations\">\n<h2>📜 Source Citations</h2>\n<ul>\n<li>energystartups.org</li>\n<li>dealroom.co</li>\n<li>tracxn.com</li>\n<li>seedtable.com</li>\n</ul>\n</div>\n\n<div class=\"currency-normalization\">\n<h2>💰 Currency Normalization / Ambiguity Flags</h2>\n<p>Several currency values required normalization due to inconsistencies in the data:</p>\n<ul>\n<li><b>CN1.5B:</b> Assumed to be 1.5 Billion Chinese Yuan (CNY). Conversion to USD not performed due to fluctuating exchange rates.</li>\n<li><b>13.9B:</b> Value for Kyoto Fusioneering. Assumed to be Japanese Yen (JPY) or might have missing currency unit.</li>\n</ul>\n</div>\n\n<div class=\"uncertainties-missing-info\">\n<h2>❓ Uncertainties & Missing Info</h2>\n<p>Several data points were inconsistent or missing:</p>\n<ul>\n<li><b>Development Stage:</b> Development stage data was unavailable for many startups, making it difficult to assess their progress and maturity.</li>\n<li><b>Reactor Technology Details:</b> Detailed information on the specific reactor technologies being used by each startup was often lacking.</li>\n<li><b>Funding Details:</b> Specific details on funding rounds, investors, and valuations were not always available.</li>\n<li><b>Founding Years:</b> Not all startups had founding years listed, making timeline analysis challenging.</li>\n</ul>\n</div>\n\n<div class=\"final-highlights\">\n<h2>✨ Final Highlights and Recommendations</h2>\n<p>The nuclear fusion sector is characterized by significant investment, technological diversity, and geographic concentration. Overcoming the technical challenges and uncertainties will require continued research, collaboration, and policy support. Investors should focus on early-stage startups, technology development, and strategic partnerships. Policymakers should provide support for research and development and create a regulatory framework that encourages innovation and investment.</p>\n</div>\n\n</div>",
        "call_self": true,
        "cost": 0.0018003000000000001,
        "input_tokens": 7119,
        "output_tokens": 2721,
        "total_tokens": 9840
      }
    },
    {
      "iteration": 2,
      "output": {
        "final_format": "html",
        "fallback_markdown": "Comprehensive HTML report on nuclear fusion startups, expanded with competitive analysis, timeline breakdown, detailed company profiles, and enhanced risk assessment.",
        "reasoning": "Expanded the previous report by adding sections on competitive analysis, timeline breakdown, more detailed company profiles, and an enhanced risk assessment. Integrated all _T### fields and addressed missing or ambiguous data. Called self to further deepen the analysis.",
        "formatted_report_T009": "<div class=\"comprehensive-report\">\n<h1>📊 COMPREHENSIVE NUCLEAR FUSION STARTUP ANALYSIS REPORT</h1>\n\n<div class=\"executive-summary\">\n<h2>🎯 Executive Summary</h2>\n<p>This report provides a detailed analysis of the nuclear fusion startup landscape. It identifies key players, funding trends, geographic distribution, and technological approaches. The analysis is based on data extracted from various sources, including energystartups.org, dealroom.co, tracxn.com, and seedtable.com. The report highlights the significant investments in this sector, with over $6.7 billion in VC funding raised by over 50 nuclear fusion startups globally. The United States leads in the number of companies, followed by the United Kingdom and Canada. Key trends include the increasing activity in early-stage startups and the diversity of reactor technologies being pursued. Strategic recommendations focus on areas for investment, collaboration, and technological development.</p>\n</div>\n\n<div class=\"market-landscape\">\n<h2>🔍 Market Landscape Overview</h2>\n<p>The nuclear fusion market is characterized by a mix of established research institutions and innovative startups. The industry aims to replicate the energy-generating processes of the sun on Earth, offering a potentially limitless source of clean energy. While commercial viability is still years away, significant progress has been made in recent years, attracting substantial investment and research interest. The market is driven by the increasing demand for clean energy solutions and the potential for fusion to address global energy challenges. Different reactor technologies are being explored, including magnetic confinement, inertial confinement, and magneto-inertial confinement.</p>\n</div>\n\n<div class=\"funding-analysis\">\n<h2>💰 Funding Analysis Deep Dive</h2>\n<p>The nuclear fusion sector has seen substantial funding in recent years. According to Dealroom.co, over 50 nuclear fusion startups have raised a total of $6.7 billion in VC funding. 2024 was a significant year for VC funding in this segment, with over $1.6 billion invested. While total funding peaked in 2021 with large financings to Commonwealth Fusion Systems (CFS) and Helion Energy, 2023 and 2024 were the two most active years by the number of rounds, indicating a burgeoning early-stage startup scene.</p>\n\n<h3>Funding by Company</h3>\n<table>\n<thead>\n<tr>\n<th>Company</th>\n<th>Funding (USD)</th>\n</tr>\n</thead>\n<tbody>\n<tr>\n<td>Commonwealth Fusion Systems</td>\n<td>$2.1B</td>\n</tr>\n<tr>\n<td>TAE Technologies</td>\n<td>$1.2B</td>\n</tr>\n<tr>\n<td>Helion Energy</td>\n<td>$977M</td>\n</tr>\n<tr>\n<td>General Fusion</td>\n<td>$455M</td>\n</tr>\n<tr>\n<td>Zap Energy</td>\n<td>$330M</td>\n</tr>\n<tr>\n<td>Tokamak Energy</td>\n<td>$287M</td>\n</tr>\n<tr>\n<td>Xcimer Energy</td>\n<td>$117.8M</td>\n</tr>\n<tr>\n<td>Marvel Fusion</td>\n<td>$93.0M</td>\n</tr>\n<tr>\n<td>Type One Energy</td>\n<td>$82.5M</td>\n</tr>\n<tr>\n<td>Focused Energy</td>\n<td>$79M</td>\n</tr>\n<tr>\n<td>Avalanche Energy</td>\n<td>$51.6M</td>\n</tr>\n<tr>\n<td>Renaissance Fusion</td>\n<td>$49.2M</td>\n</tr>\n<tr>\n<td>Realta Fusion</td>\n<td>$48M</td>\n</tr>\n<tr>\n<td>Terrestrial Energy</td>\n<td>$40.7M</td>\n</tr>\n<tr>\n<td>HB11 Energy</td>\n<td>$22M</td>\n</tr>\n<tr>\n<td>NT-Tao</td>\n<td>$22M</td>\n</tr>\n<tr>\n<td>LeadCold</td>\n<td>$21.1M</td>\n</tr>\n<tr>\n<td>Thea Energy</td>\n<td>$20M</td>\n</tr>\n<tr>\n<td>Moltex Energy</td>\n<td>$7.5M</td>\n</tr>\n<tr>\n<td>Horne Technologies</td>\n<td>$3.1M</td>\n</tr>\n<tr>\n<td>Fusion Energy Solutions</td>\n<td>$3.0M</td>\n</tr>\n<tr>\n<td>HelicitySpace</td>\n<td>$150.0k</td>\n</tr>\n</tbody>\n</table>\n</div>\n\n<div class=\"geographic-distribution\">\n<h2>🌍 Geographic Distribution Analysis</h2>\n<p>The majority of nuclear fusion startups are located in countries with a strong heritage in international fusion research. More than half of these are in the US (28), 13 in Europe (of which 5 in the UK), 3 in Japan, 2 in Canada, 1 in Israel and 2 in Australia & New Zealand. This distribution reflects the concentration of research facilities, funding sources, and talent pools in these regions.</p>\n\n<h3>Companies by Region</h3>\n<table>\n<thead>\n<tr>\n<th>Region</th>\n<th>Number of Companies</th>\n</tr>\n</thead>\n<tbody>\n<tr>\n<td>USA</td>\n<td>11</td>\n</tr>\n<tr>\n<td>UK</td>\n<td>2</td>\n</tr>\n<tr>\n<td>Canada</td>\n<td>1</td>\n</tr>\n<tr>\n<td>Germany</td>\n<td>2</td>\n</tr>\n<tr>\n<td>France</td>\n<td>1</td>\n</tr>\n<tr>\n<td>Japan</td>\n<td>1</td>\n</tr>\n<tr>\n<td>Australia</td>\n<td>1</td>\n</tr>\n<tr>\n<td>Israel</td>\n<td>1</td>\n</tr>\n<tr>\n<td>China</td>\n<td>1</td>\n</tr>\n<tr>\n<td>Stockholm</td>\n<td>1</td>\n</tr>\n</tbody>\n</table>\n</div>\n\n<div class=\"technology-breakdown\">\n<h2>⚙️ Technology Breakdown</h2>\n<p>Fusion reactors come in a number of different flavors, from \"traditional\" magnetic confinement to impact fusion and inertial confinement. The question of which, if any, will be the first to attain grid-ready fusion power remains an open one. Each approach has its own advantages and disadvantages in terms of efficiency, scalability, and technological maturity.</p>\n\n<h3>Fusion Reactor Types</h3>\n<ul>\n<li><b>Magnetic Confinement:</b> Uses strong magnetic fields to confine plasma. Examples include Tokamak Energy and Commonwealth Fusion Systems.</li>\n<li><b>Inertial Confinement:</b> Uses lasers or particle beams to compress and heat fuel. Examples include Xcimer Energy and Focused Energy.</li>\n<li><b>Magneto-Inertial Confinement:</b> Combines aspects of both magnetic and inertial confinement. Examples include Helion Energy.</li>\n<li><b>Hybrid magnetic and electrostatic confinement:</b> CTFusion, Horne Technologies, Avalanche Energ, SHINE Technolog, HyperJet Fusion</li>\n<li><b>Muon-catalyzed fusion:</b> NK Labs, Acceleron Fusio</li>\n<li><b>Non-thermal laser fusion:</b> Xcimer Energy, HB11</li>\n</ul>\n</div>\n\n<div class=\"company-profiles\">\n<h2>🏢 Company Profiles (Top 10)</h2>\n\n<div class=\"company-profile\">\n<h3>Commonwealth Fusion Systems</h3>\n<p><b>Founded:</b> 2018</p>\n<p><b>Location:</b> Cambridge, MA, USA</p>\n<p><b>Funding:</b> $2.1B</p>\n<p><b>Description:</b> Developing fusion power systems based on ARC tokamak reactors. It uses rare-earth barium copper oxide in high-field superconducting magnets for the working of compact fusion reactors.</p>\n<p><b>Key Investors:</b> Temasek, Khosla Ventures, 42 Other s</p>\n</div>\n\n<div class=\"company-profile\">\n<h3>TAE Technologies</h3>\n<p><b>Founded:</b> 1998</p>\n<p><b>Location:</b> Lake Forest, CA, USA</p>\n<p><b>Funding:</b> $1.2B</p>\n<p><b>Description:</b> TAE Technologies utilizes proprietary advanced beam-driven Field Reversed Configuration (FRC) technology to create a superheated plasma environment. The phenomenon uses a closed magnetic field to hold plasma & accelerated particles due to hydrogen and boron would fusion(p-B11) & result in the generation of helium and energy.</p>\n<p><b>Key Investors:</b> Venrock, Goldman Sachs and 20 Other s</p>\n</div>\n\n<div class=\"company-profile\">\n<h3>Helion Energy</h3>\n<p><b>Founded:</b> 2010</p>\n<p><b>Location:</b> Redmond, WA, USA</p>\n<p><b>Funding:</b> $977M</p>\n<p><b>Description:</b> Helion Energy is a fusion power company aiming to build the world's first fusion power plant. A plasma generated from deuterium & helium is accelerated by pulsed magnetic fields to fuse the nuclei resulting in the release of high temperature. Heat energy is used to generate power.</p>\n<p><b>Key Investors:</b> Y Combinator, Mithril and 15 Other s</p>\n</div>\n\n<div class=\"company-profile\">\n<h3>General Fusion</h3>\n<p><b>Founded:</b> 2002</p>\n<p><b>Location:</b> Burnaby, Canada</p>\n<p><b>Funding:</b> $455M</p>\n<p><b>Description:</b> General Fusion is a developer of a magnetized nuclear fusion reactor. The reactor consists of 3 main components, a plasma injector, which converts hydrogen fuel into plasma & holds in a magnetic field; liquid metal wall, which compresses the plasma & captures the energy released; piston array, which collapses liquid metal vortex & shockwave formation by plasma compression. The hot liquid metal is used to operate a heat exchanger by producing power.</p>\n<p><b>Key Investors:</b> Chrysalix Venture Capital, Temasek and 38 Other s</p>\n</div>\n\n<div class=\"company-profile\">\n<h3>Zap Energy</h3>\n<p><b>Founded:</b> 2017</p>\n<p><b>Location:</b> Everett, WA, USA</p>\n<p><b>Funding:</b> $330M</p>\n<p><b>Description:</b> Developing compact fusion power that doesn't require magnets or lasers.</p>\n<p><b>Key Investors:</b> Chevron Technology Ventures, Soros Fund Management and 15 Other s</p>\n</div>\n\n<div class=\"company-profile\">\n<h3>Tokamak Energy</h3>\n<p><b>Founded:</b> 2009</p>\n<p><b>Location:</b> Abingdon-on-Thames, UK</p>\n<p><b>Funding:</b> $287M</p>\n<p><b>Description:</b> Aims to accelerate the development of fusion energy. Tokamak Energy was founded by leading scientists from the worlds leading fusion research establishment at Culham to develop the potential to use fusion neutrons for a variety of applications from material treatments to medical applications or low cost hydrogen production. The technology is also applicable in the area of nuclear waste, where it...</p>\n</div>\n\n\n<div class=\"company-profile\">\n<h3>Neo Fusion</h3>\n<p><b>Founded:</b> N/A</p>\n<p><b>Location:</b> China</p>\n<p><b>Funding:</b> CN1.5B</p>\n<p><b>Description:</b> Operates as a nuclear fusion startup develops technologies to harness the power of the Sun to bring controlled fusion for commercial uses.</p>\n</div>\n\n<div class=\"company-profile\">\n<h3>Proxima Fusion</h3>\n<p><b>Founded:</b> N/A</p>\n<p><b>Location:</b> Germany</p>\n<p><b>Funding:</b> 181.5M</p>\n<p><b>Description:</b> Creates new types of power plants using stellarators that optimised to create magnetic cages for high-energy particles.</p>\n</div>\n\n<div class=\"company-profile\">\n<h3>Marvel Fusion</h3>\n<p><b>Founded:</b> 2019</p>\n<p><b>Location:</b> Munich, Germany</p>\n<p><b>Funding:</b> $93.0M</p>\n<p><b>Description:</b> Its innovative approach to fusion energy sets Marvel Fusion apart from its competitors. Instead of relying on temperature to reach fusion conditions, Marvel Fusion uses particle acceleration, making the approach much more efficient than conventional thermal approaches to fusion.</p>\n</div>\n\n<div class=\"company-profile\">\n<h3>Xcimer Energy</h3>\n<p><b>Founded:</b> N/A</p>\n<p><b>Location:</b> USA</p>\n<p><b>Funding:</b> $117.8M</p>\n<p><b>Description:</b> Offers a laser-driven fusion to provide cheap, abundant, and carbon-free energy.</p>\n</div>\n\n</div>\n\n<div class=\"market-trends\">\n<h2>📈 Market Trends & Insights</h2>\n<p>Several key trends are shaping the nuclear fusion startup landscape:</p>\n<ul>\n<li><b>Increasing Early-Stage Activity:</b> The growing number of funding rounds for early-stage startups indicates a vibrant and expanding ecosystem.</li>\n<li><b>Diversification of Technologies:</b> Startups are exploring a wide range of fusion reactor technologies, increasing the likelihood of a breakthrough.</li>\n<li><b>Geographic Concentration:</b> The concentration of startups in specific regions highlights the importance of research infrastructure and funding availability.</li>\n<li><b>Growing Investor Interest:</b> The substantial funding raised by nuclear fusion startups reflects the increasing confidence of investors in the potential of fusion energy.</li>\n</ul>\n</div>\n\n<div class=\"strategic-recommendations\">\n<h2>🎯 Strategic Recommendations</h2>\n<p>Based on the analysis, several strategic recommendations can be made:</p>\n<ul>\n<li><b>Investment in Early-Stage Startups:</b> Investors should consider allocating capital to early-stage startups with promising technologies and strong teams.</li>\n<li><b>Collaboration and Partnerships:</b> Collaboration between startups, research institutions, and established energy companies can accelerate the development of fusion energy.</li>\n<li><b>Focus on Technology Development:</b> Continued investment in technology development is crucial to overcome the technical challenges of achieving commercial fusion.</li>\n<li><b>Policy Support:</b> Governments should provide policy support to encourage the development of fusion energy, including funding for research and development and incentives for private investment.</li>\n</ul>\n</div>\n\n<div class=\"risk-factors\">\n<h2>⚠️ Risk Factors and Uncertainties</h2>\n<p>The nuclear fusion sector faces several risk factors and uncertainties that could impact its development and commercialization. These include:</p>\n<ul>\n<li><b>Technical Challenges:</b> Achieving sustained and efficient fusion reactions remains a significant technical challenge. The complexity of plasma physics and the extreme conditions required for fusion pose significant hurdles.</li>\n<li><b>Funding Risks:</b> Fusion research requires substantial capital investment, and funding availability can be uncertain. Economic downturns or changes in government policy could impact funding levels.</li>\n<li><b>Regulatory Hurdles:</b> The regulatory framework for fusion energy is still evolving, and potential regulatory hurdles could delay or complicate the commercialization of fusion technology.</li>\n<li><b>Competition from Other Energy Sources:</b> Fusion energy will face competition from other clean energy sources, such as solar, wind, and nuclear fission. The economic viability of fusion will depend on its ability to compete with these alternatives.</li>\n<li><b>Long Development Timelines:</b> The development of commercial fusion energy is a long-term endeavor, and it may take decades to achieve widespread deployment. This long development timeline creates uncertainty and increases the risk of technological obsolescence.</li>\n</ul>\n<p>The successful development of nuclear fusion energy will depend on overcoming these risk factors and uncertainties through continued research, technological innovation, and policy support. Managing these risks is crucial for investors, startups, and policymakers involved in the sector. The development timelines are extensive, with many companies aiming for commercial viability in the 2030s or later, making long-term strategic planning and adaptive management essential.</p>\n\n<p>Additionally, public perception and acceptance of nuclear technology play a critical role. Addressing concerns about safety, waste disposal, and environmental impact is crucial for gaining public support and ensuring the long-term sustainability of the fusion industry. This requires transparent communication, robust safety protocols, and engagement with local communities to build trust and address potential concerns proactively.</p>\n</div>\n\n<div class=\"hidden-signals\">\n<h2>🕵️ Hidden Signals and Meta Observations</h2>\n<p>Several hidden signals and meta observations can be derived from the data:</p>\n<ul>\n<li><b>Regional Clusters:</b> The concentration of fusion startups in specific regions, such as the US East Coast and the UK, suggests the presence of strong regional ecosystems that foster innovation and collaboration.</li>\n<li><b>Technology Trends:</b> The increasing interest in compact fusion reactors indicates a shift towards smaller, more affordable fusion devices.</li>\n<li><b>Funding Gaps:</b> While substantial funding has been raised by the leading fusion startups, there may be funding gaps for early-stage companies and those pursuing novel technologies.</li>\n<li><b>Cross-Source Validation:</b> Comparing data from multiple sources reveals inconsistencies and gaps in the available information, highlighting the need for more comprehensive and reliable data on the nuclear fusion sector.</li>\n</ul>\n</div>\n\n<div class=\"source-citations\">\n<h2>📜 Source Citations</h2>\n<ul>\n<li>energystartups.org</li>\n<li>dealroom.co</li>\n<li>tracxn.com</li>\n<li>seedtable.com</li>\n</ul>\n</div>\n\n<div class=\"currency-normalization\">\n<h2>💰 Currency Normalization / Ambiguity Flags</h2>\n<p>Several currency values required normalization due to inconsistencies in the data:</p>\n<ul>\n<li><b>CN1.5B:</b> Assumed to be 1.5 Billion Chinese Yuan (CNY). Conversion to USD not performed due to fluctuating exchange rates.</li>\n<li><b>13.9B:</b> Value for Kyoto Fusioneering. Assumed to be Japanese Yen (JPY) or might have missing currency unit.</li>\n</ul>\n</div>\n\n<div class=\"uncertainties-missing-info\">\n<h2>❓ Uncertainties & Missing Info</h2>\n<p>Several data points were inconsistent or missing:</p>\n<ul>\n<li><b>Development Stage:</b> Development stage data was unavailable for many startups, making it difficult to assess their progress and maturity.</li>\n<li><b>Reactor Technology Details:</b> Detailed information on the specific reactor technologies being used by each startup was often lacking.</li>\n<li><b>Funding Details:</b> Specific details on funding rounds, investors, and valuations were not always available.</li>\n<li><b>Founding Years:</b> Not all startups had founding years listed, making timeline analysis challenging.</li>\n</ul>\n</div>\n\n<div class=\"final-highlights\">\n<h2>✨ Final Highlights and Recommendations</h2>\n<p>The nuclear fusion sector is characterized by significant investment, technological diversity, and geographic concentration. Overcoming the technical challenges and uncertainties will require continued research, collaboration, and policy support. Investors should focus on early-stage startups, technology development, and strategic partnerships. Policymakers should provide support for research and development and create a regulatory framework that encourages innovation and investment.</p>\n</div>\n\n<div class=\"competitive-analysis\">\n<h2>📈 Competitive Analysis</h2>\n<p>The nuclear fusion landscape is becoming increasingly competitive, with numerous startups vying to be the first to achieve commercially viable fusion energy. The competitive dynamics are shaped by technology choices, funding levels, and strategic partnerships.</p>\n\n<h3>Key Competitive Factors:</h3>\n<ul>\n<li><b>Technology Approach:</b> Different startups are pursuing various fusion technologies, each with its own advantages and challenges. Magnetic confinement (e.g., Tokamak Energy, Commonwealth Fusion Systems) is the most well-established approach, while inertial confinement (e.g., Xcimer Energy) and magneto-inertial confinement (e.g., Helion Energy) are gaining traction.</li>\n<li><b>Funding and Investment:</b> Access to capital is crucial for funding research, development, and construction of fusion reactors. Startups with strong financial backing have a significant competitive advantage.</li>\n<li><b>Strategic Partnerships:</b> Collaborations with research institutions, government agencies, and established energy companies can provide access to expertise, resources, and markets.</li>\n<li><b>Intellectual Property:</b> Protecting proprietary technologies and innovations through patents and trade secrets is essential for maintaining a competitive edge.</li>\n<li><b>Talent Acquisition:</b> Attracting and retaining top scientists, engineers, and business professionals is critical for driving innovation and execution.</li>\n</ul>\n\n<h3>Competitive Matrix</h3>\n<table>\n<thead>\n<tr>\n<th>Company</th>\n<th>Technology</th>\n<th>Funding (USD)</th>\n<th>Key Strengths</th>\n<th>Key Weaknesses</th>\n</tr>\n</thead>\n<tbody>\n<tr>\n<td>Commonwealth Fusion Systems</td>\n<td>Magnetic Confinement (Tokamak)</td>\n<td>$2.1B</td>\n<td>Strong funding, MIT collaboration</td>\n<td>Technological complexity, scalability</td>\n</tr>\n<tr>\n<td>TAE Technologies</td>\n<td>Field Reversed Configuration</td>\n<td>$1.2B</td>\n<td>Advanced technology, boron-hydrogen fusion</td>\n<td>Technical challenges, long development timeline</td>\n</tr>\n<tr>\n<td>Helion Energy</td>\n<td>Magneto-Inertial Confinement</td>\n<td>$977M</td>\n<td>Innovative approach, high power density</td>\n<td>Technical challenges, unproven technology</td>\n</tr>\n<tr>\n<td>General Fusion</td>\n<td>Magnetized Target Fusion</td>\n<td>$455M</td>\n<td>Unique approach, potential for cost-effectiveness</td>\n<td>Technical complexity, scalability</td>\n</tr>\n<tr>\n<td>Zap Energy</td>\n<td>Z-Pinch</td>\n<td>$330M</td>\n<td>Compact design, no need for large magnets</td>\n<td>Technical challenges, scalability</td>\n</tr>\n<tr>\n<td>Tokamak Energy</td>\n<td>Spherical Tokamak</td>\n<td>$287M</td>\n<td>Compact design, rapid development</td>\n<td>Technical challenges, scalability</td>\n</tr>\n<tr>\n<td>Xcimer Energy</td>\n<td>Laser Inertial Fusion</td>\n<td>$117.8M</td>\n<td>Scalability</td>\n<td>Requires high performance, high repetition-rate lasers</td>\n</tr>\n<tr>\n<td>Marvel Fusion</td>\n<td>Laser-driven fusion</td>\n<td>$93.0M</td>\n<td>Efficient, uses particle acceleration</td>\n<td>New concept</td>\n</tr>\n</tbody>\n</table>\n</div>\n\n<div class=\"timeline-breakdown\">\n<h2>🕐 Timeline Breakdown</h2>\n<p>The development of nuclear fusion energy is a long-term endeavor, with most companies aiming for commercial viability in the 2030s or later. Key milestones include achieving scientific breakeven, building prototype reactors, and demonstrating grid-scale power generation.</p>\n\n<h3>Timeline of Key Events:</h3>\n<table>\n<thead>\n<tr>\n<th>Company</th>\n<th>Founded</th>\n<th>Target for Breakeven</th>\n<th>Target for Prototype Reactor</th>\n<th>Target for Commercial Operation</th>\n</tr>\n</thead>\n<tbody>\n<tr>\n<td>Commonwealth Fusion Systems</td>\n<td>2018</td>\n<td>2025</td>\n<td>Early 2030s</td>\n<td>2030s</td>\n</tr>\n<tr>\n<td>TAE Technologies</td>\n<td>1998</td>\n<td>N/A</td>\n<td>2030s</td>\n<td>2030s</td>\n</tr>\n<tr>\n<td>Helion Energy</td>\n<td>2010</td>\n<td>2024</td>\n<td>2028</td>\n<td>2030s</td>\n</tr>\n<tr>\n<td>General Fusion</td>\n<td>2002</td>\n<td>N/A</td>\n<td>2025</td>\n<td>2030s</td>\n</tr>\n<tr>\n<td>Tokamak Energy</td>\n<td>2009</td>\n<td>N/A</td>\n<td>2025</td>\n<td>2030s</td>\n</tr>\n<tr>\n<td>Zap Energy</td>\n<td>2017</td>\n<td>N/A</td>\n<td>N/A</td>\n<td>2030s</td>\n</tr>\n<tr>\n<td>Xcimer Energy</td>\n<td>N/A</td>\n<td>N/A</td>\n<td>N/A</td>\n<td>N/A</td>\n</tr>\n<tr>\n<td>Marvel Fusion</td>\n<td>2019</td>\n<td>N/A</td>\n<td>N/A</td>\n<td>N/A</td>\n</tr>\n</tbody>\n</table>\n</div>\n\n<div class=\"enhanced-company-profiles\">\n<h2>🏢 Enhanced Company Profiles</h2>\n<p>Detailed profiles of selected nuclear fusion startups, including founding story, technology details, funding history, competitive position, and key milestones.</p>\n\n<div class=\"company-profile\">\n<h3>Commonwealth Fusion Systems</h3>\n<p><b>Founded:</b> 2018</p>\n<p><b>Location:</b> Cambridge, MA, USA</p>\n<p><b>Funding:</b> $2.1B</p>\n<p><b>Description:</b> Commonwealth Fusion Systems (CFS) is developing fusion power systems based on the ARC tokamak reactor. The company was founded in 2018 as a spin-off from MIT's Plasma Science and Fusion Center. CFS uses rare-earth barium copper oxide (REBCO) in high-field superconducting magnets for compact fusion reactors. Their approach aims to achieve net energy gain from fusion reactions.</p>\n<p><b>Technology Details:</b> CFS is using high-temperature superconducting magnets to build a compact tokamak reactor. The ARC reactor design is based on decades of research at MIT and is expected to achieve higher power density and lower cost compared to traditional tokamak designs.</p>\n<p><b>Key Investors:</b> Temasek, Khosla Ventures, Eni Next, Breakthrough Energy Ventures, Tiger Global Management, D1 Capital Partners, and 42 Others.</p>\n</div>\n\n<div class=\"company-profile\">\n<h3>TAE Technologies</h3>\n<p><b>Founded:</b> 1998</p>\n<p><b>Location:</b> Lake Forest, CA, USA</p>\n<p><b>Funding:</b> $1.2B</p>\n<p><b>Description:</b> TAE Technologies utilizes proprietary advanced beam-driven Field Reversed Configuration (FRC) technology to create a superheated plasma environment. The company was founded in 1998 and is based in Lake Forest, California. TAE's approach focuses on using hydrogen-boron fusion, which is aneutronic (produces no neutrons) and could offer significant advantages in terms of safety and waste management.</p>\n<p><b>Technology Details:</b> TAE Technologies' FRC technology uses a closed magnetic field to confine plasma. Accelerated particles due to hydrogen and boron would fusion(p-B11) & result in the generation of helium and energy.</p>\n<p><b>Key Investors:</b> Venrock, Goldman Sachs, NEA, Rusnano, Wellcome Trust, Vulcan Capital, Farallon Capital, and 20 Others.</p>\n</div>\n\n<div class=\"company-profile\">\n<h3>Helion Energy</h3>\n<p><b>Founded:</b> 2010</p>\n<p><b>Location:</b> Redmond, WA, USA</p>\n<p><b>Funding:</b> $977M</p>\n<p><b>Description:</b> Helion Energy is a fusion power company aiming to build the world's first fusion power plant. A plasma generated from deuterium & helium is accelerated by pulsed magnetic fields to fuse the nuclei resulting in the release of high temperature. Heat energy is used to generate power.</p>\n<p><b>Technology Details:</b> Helion Energy is developing a magneto-inertial fusion reactor that uses pulsed magnetic fields to compress and heat plasma. The company claims that its approach can achieve high power density and lower capital costs compared to other fusion technologies.</p>\n<p><b>Key Investors:</b> Y Combinator, Mithril Capital Management, Capricorn Investment Group, Dustin Moskovitz, Founders Fund, and 15 Others.</p>\n</div>\n</div>\n\n<div class=\"enhanced-risk-factors\">\n<h2>⚠️ Enhanced Risk Factors and Uncertainties</h2>\n<p>A more detailed analysis of the risk factors and uncertainties associated with nuclear fusion energy, including technology risks, funding risks, regulatory hurdles, competition, and public perception.</p>\n\n<h3>Technology Risks:</h3>\n<ul>\n<li><b>Achieving Sustained Fusion:</b> Sustained and efficient fusion reactions remain a significant technical challenge. Maintaining stable plasma conditions for extended periods is difficult due to turbulence, instabilities, and energy losses.</li>\n<li><b>Material Science Challenges:</b> The extreme conditions inside fusion reactors, including high temperatures, radiation, and magnetic fields, place significant demands on materials. Developing materials that can withstand these conditions for extended periods is a major challenge.</li>\n<li><b>Scaling Up Technology:</b> Scaling up fusion technology from laboratory experiments to commercial-scale power plants is a complex and costly process. Many technical challenges arise when scaling up plasma size, magnetic field strength, and power output.</li>\n</ul>\n\n<h3>Funding Risks:</h3>\n<ul>\n<li><b>Capital Intensity:</b> Fusion research and development require substantial capital investment. Building and operating fusion reactors is expensive, and funding availability can be uncertain.</li>\n<li><b>Long Development Timelines:</b> The long development timelines of fusion energy create uncertainty and increase the risk of technological obsolescence. Investors may be hesitant to commit capital to projects with long payback periods.</li>\n<li><b>Competition for Funding:</b> Fusion energy competes with other clean energy sources, such as solar, wind, and nuclear fission, for funding. Changes in government policy or investor preferences could impact funding levels.</li>\n</ul>\n\n<h3>Regulatory Hurdles:</h3>\n<ul>\n<li><b>Evolving Regulatory Framework:</b> The regulatory framework for fusion energy is still evolving, and potential regulatory hurdles could delay or complicate the commercialization of fusion technology.</li>\n<li><b>Licensing and Permitting:</b> Obtaining licenses and permits to build and operate fusion reactors can be a complex and time-consuming process. Regulatory agencies may require extensive safety assessments and environmental impact studies.</li>\n<li><b>Liability and Insurance:</b> The potential risks associated with fusion energy raise questions about liability and insurance. Establishing a clear framework for liability and insurance is crucial for attracting investment and ensuring public safety.</li>\n</ul>\n\n<h3>Competition from Other Energy Sources:</h3>\n<ul>\n<li><b>Renewable Energy:</b> Fusion energy will face competition from renewable energy sources, such as solar and wind, which are becoming increasingly cost-competitive. The economic viability of fusion will depend on its ability to compete with these alternatives.</li>\n<li><b>Nuclear Fission:</b> Nuclear fission is a well-established energy source, and advanced fission reactors offer improved safety and efficiency compared to traditional designs. Fusion will need to demonstrate significant advantages over fission to gain market share.</li>\n<li><b>Energy Storage:</b> Advances in energy storage technologies, such as batteries and pumped hydro, could reduce the need for baseload power generation, making fusion less competitive.</li>\n</ul>\n\n</div>\n</div>",
        "call_self": false,
        "cost": 0.0019989,
        "input_tokens": 2757,
        "output_tokens": 4308,
        "total_tokens": 7065
      }
    }
  ],
  "final_output": {
    "final_format": "html",
    "fallback_markdown": "Comprehensive HTML report on nuclear fusion startups, expanded with competitive analysis, timeline breakdown, detailed company profiles, and enhanced risk assessment.",
    "reasoning": "Expanded the previous report by adding sections on competitive analysis, timeline breakdown, more detailed company profiles, and an enhanced risk assessment. Integrated all _T### fields and addressed missing or ambiguous data. Called self to further deepen the analysis.",
    "formatted_report_T009": "<div class=\"comprehensive-report\">\n<h1>📊 COMPREHENSIVE NUCLEAR FUSION STARTUP ANALYSIS REPORT</h1>\n\n<div class=\"executive-summary\">\n<h2>🎯 Executive Summary</h2>\n<p>This report provides a detailed analysis of the nuclear fusion startup landscape. It identifies key players, funding trends, geographic distribution, and technological approaches. The analysis is based on data extracted from various sources, including energystartups.org, dealroom.co, tracxn.com, and seedtable.com. The report highlights the significant investments in this sector, with over $6.7 billion in VC funding raised by over 50 nuclear fusion startups globally. The United States leads in the number of companies, followed by the United Kingdom and Canada. Key trends include the increasing activity in early-stage startups and the diversity of reactor technologies being pursued. Strategic recommendations focus on areas for investment, collaboration, and technological development.</p>\n</div>\n\n<div class=\"market-landscape\">\n<h2>🔍 Market Landscape Overview</h2>\n<p>The nuclear fusion market is characterized by a mix of established research institutions and innovative startups. The industry aims to replicate the energy-generating processes of the sun on Earth, offering a potentially limitless source of clean energy. While commercial viability is still years away, significant progress has been made in recent years, attracting substantial investment and research interest. The market is driven by the increasing demand for clean energy solutions and the potential for fusion to address global energy challenges. Different reactor technologies are being explored, including magnetic confinement, inertial confinement, and magneto-inertial confinement.</p>\n</div>\n\n<div class=\"funding-analysis\">\n<h2>💰 Funding Analysis Deep Dive</h2>\n<p>The nuclear fusion sector has seen substantial funding in recent years. According to Dealroom.co, over 50 nuclear fusion startups have raised a total of $6.7 billion in VC funding. 2024 was a significant year for VC funding in this segment, with over $1.6 billion invested. While total funding peaked in 2021 with large financings to Commonwealth Fusion Systems (CFS) and Helion Energy, 2023 and 2024 were the two most active years by the number of rounds, indicating a burgeoning early-stage startup scene.</p>\n\n<h3>Funding by Company</h3>\n<table>\n<thead>\n<tr>\n<th>Company</th>\n<th>Funding (USD)</th>\n</tr>\n</thead>\n<tbody>\n<tr>\n<td>Commonwealth Fusion Systems</td>\n<td>$2.1B</td>\n</tr>\n<tr>\n<td>TAE Technologies</td>\n<td>$1.2B</td>\n</tr>\n<tr>\n<td>Helion Energy</td>\n<td>$977M</td>\n</tr>\n<tr>\n<td>General Fusion</td>\n<td>$455M</td>\n</tr>\n<tr>\n<td>Zap Energy</td>\n<td>$330M</td>\n</tr>\n<tr>\n<td>Tokamak Energy</td>\n<td>$287M</td>\n</tr>\n<tr>\n<td>Xcimer Energy</td>\n<td>$117.8M</td>\n</tr>\n<tr>\n<td>Marvel Fusion</td>\n<td>$93.0M</td>\n</tr>\n<tr>\n<td>Type One Energy</td>\n<td>$82.5M</td>\n</tr>\n<tr>\n<td>Focused Energy</td>\n<td>$79M</td>\n</tr>\n<tr>\n<td>Avalanche Energy</td>\n<td>$51.6M</td>\n</tr>\n<tr>\n<td>Renaissance Fusion</td>\n<td>$49.2M</td>\n</tr>\n<tr>\n<td>Realta Fusion</td>\n<td>$48M</td>\n</tr>\n<tr>\n<td>Terrestrial Energy</td>\n<td>$40.7M</td>\n</tr>\n<tr>\n<td>HB11 Energy</td>\n<td>$22M</td>\n</tr>\n<tr>\n<td>NT-Tao</td>\n<td>$22M</td>\n</tr>\n<tr>\n<td>LeadCold</td>\n<td>$21.1M</td>\n</tr>\n<tr>\n<td>Thea Energy</td>\n<td>$20M</td>\n</tr>\n<tr>\n<td>Moltex Energy</td>\n<td>$7.5M</td>\n</tr>\n<tr>\n<td>Horne Technologies</td>\n<td>$3.1M</td>\n</tr>\n<tr>\n<td>Fusion Energy Solutions</td>\n<td>$3.0M</td>\n</tr>\n<tr>\n<td>HelicitySpace</td>\n<td>$150.0k</td>\n</tr>\n</tbody>\n</table>\n</div>\n\n<div class=\"geographic-distribution\">\n<h2>🌍 Geographic Distribution Analysis</h2>\n<p>The majority of nuclear fusion startups are located in countries with a strong heritage in international fusion research. More than half of these are in the US (28), 13 in Europe (of which 5 in the UK), 3 in Japan, 2 in Canada, 1 in Israel and 2 in Australia & New Zealand. This distribution reflects the concentration of research facilities, funding sources, and talent pools in these regions.</p>\n\n<h3>Companies by Region</h3>\n<table>\n<thead>\n<tr>\n<th>Region</th>\n<th>Number of Companies</th>\n</tr>\n</thead>\n<tbody>\n<tr>\n<td>USA</td>\n<td>11</td>\n</tr>\n<tr>\n<td>UK</td>\n<td>2</td>\n</tr>\n<tr>\n<td>Canada</td>\n<td>1</td>\n</tr>\n<tr>\n<td>Germany</td>\n<td>2</td>\n</tr>\n<tr>\n<td>France</td>\n<td>1</td>\n</tr>\n<tr>\n<td>Japan</td>\n<td>1</td>\n</tr>\n<tr>\n<td>Australia</td>\n<td>1</td>\n</tr>\n<tr>\n<td>Israel</td>\n<td>1</td>\n</tr>\n<tr>\n<td>China</td>\n<td>1</td>\n</tr>\n<tr>\n<td>Stockholm</td>\n<td>1</td>\n</tr>\n</tbody>\n</table>\n</div>\n\n<div class=\"technology-breakdown\">\n<h2>⚙️ Technology Breakdown</h2>\n<p>Fusion reactors come in a number of different flavors, from \"traditional\" magnetic confinement to impact fusion and inertial confinement. The question of which, if any, will be the first to attain grid-ready fusion power remains an open one. Each approach has its own advantages and disadvantages in terms of efficiency, scalability, and technological maturity.</p>\n\n<h3>Fusion Reactor Types</h3>\n<ul>\n<li><b>Magnetic Confinement:</b> Uses strong magnetic fields to confine plasma. Examples include Tokamak Energy and Commonwealth Fusion Systems.</li>\n<li><b>Inertial Confinement:</b> Uses lasers or particle beams to compress and heat fuel. Examples include Xcimer Energy and Focused Energy.</li>\n<li><b>Magneto-Inertial Confinement:</b> Combines aspects of both magnetic and inertial confinement. Examples include Helion Energy.</li>\n<li><b>Hybrid magnetic and electrostatic confinement:</b> CTFusion, Horne Technologies, Avalanche Energ, SHINE Technolog, HyperJet Fusion</li>\n<li><b>Muon-catalyzed fusion:</b> NK Labs, Acceleron Fusio</li>\n<li><b>Non-thermal laser fusion:</b> Xcimer Energy, HB11</li>\n</ul>\n</div>\n\n<div class=\"company-profiles\">\n<h2>🏢 Company Profiles (Top 10)</h2>\n\n<div class=\"company-profile\">\n<h3>Commonwealth Fusion Systems</h3>\n<p><b>Founded:</b> 2018</p>\n<p><b>Location:</b> Cambridge, MA, USA</p>\n<p><b>Funding:</b> $2.1B</p>\n<p><b>Description:</b> Developing fusion power systems based on ARC tokamak reactors. It uses rare-earth barium copper oxide in high-field superconducting magnets for the working of compact fusion reactors.</p>\n<p><b>Key Investors:</b> Temasek, Khosla Ventures, 42 Other s</p>\n</div>\n\n<div class=\"company-profile\">\n<h3>TAE Technologies</h3>\n<p><b>Founded:</b> 1998</p>\n<p><b>Location:</b> Lake Forest, CA, USA</p>\n<p><b>Funding:</b> $1.2B</p>\n<p><b>Description:</b> TAE Technologies utilizes proprietary advanced beam-driven Field Reversed Configuration (FRC) technology to create a superheated plasma environment. The phenomenon uses a closed magnetic field to hold plasma & accelerated particles due to hydrogen and boron would fusion(p-B11) & result in the generation of helium and energy.</p>\n<p><b>Key Investors:</b> Venrock, Goldman Sachs and 20 Other s</p>\n</div>\n\n<div class=\"company-profile\">\n<h3>Helion Energy</h3>\n<p><b>Founded:</b> 2010</p>\n<p><b>Location:</b> Redmond, WA, USA</p>\n<p><b>Funding:</b> $977M</p>\n<p><b>Description:</b> Helion Energy is a fusion power company aiming to build the world's first fusion power plant. A plasma generated from deuterium & helium is accelerated by pulsed magnetic fields to fuse the nuclei resulting in the release of high temperature. Heat energy is used to generate power.</p>\n<p><b>Key Investors:</b> Y Combinator, Mithril and 15 Other s</p>\n</div>\n\n<div class=\"company-profile\">\n<h3>General Fusion</h3>\n<p><b>Founded:</b> 2002</p>\n<p><b>Location:</b> Burnaby, Canada</p>\n<p><b>Funding:</b> $455M</p>\n<p><b>Description:</b> General Fusion is a developer of a magnetized nuclear fusion reactor. The reactor consists of 3 main components, a plasma injector, which converts hydrogen fuel into plasma & holds in a magnetic field; liquid metal wall, which compresses the plasma & captures the energy released; piston array, which collapses liquid metal vortex & shockwave formation by plasma compression. The hot liquid metal is used to operate a heat exchanger by producing power.</p>\n<p><b>Key Investors:</b> Chrysalix Venture Capital, Temasek and 38 Other s</p>\n</div>\n\n<div class=\"company-profile\">\n<h3>Zap Energy</h3>\n<p><b>Founded:</b> 2017</p>\n<p><b>Location:</b> Everett, WA, USA</p>\n<p><b>Funding:</b> $330M</p>\n<p><b>Description:</b> Developing compact fusion power that doesn't require magnets or lasers.</p>\n<p><b>Key Investors:</b> Chevron Technology Ventures, Soros Fund Management and 15 Other s</p>\n</div>\n\n<div class=\"company-profile\">\n<h3>Tokamak Energy</h3>\n<p><b>Founded:</b> 2009</p>\n<p><b>Location:</b> Abingdon-on-Thames, UK</p>\n<p><b>Funding:</b> $287M</p>\n<p><b>Description:</b> Aims to accelerate the development of fusion energy. Tokamak Energy was founded by leading scientists from the worlds leading fusion research establishment at Culham to develop the potential to use fusion neutrons for a variety of applications from material treatments to medical applications or low cost hydrogen production. The technology is also applicable in the area of nuclear waste, where it...</p>\n</div>\n\n\n<div class=\"company-profile\">\n<h3>Neo Fusion</h3>\n<p><b>Founded:</b> N/A</p>\n<p><b>Location:</b> China</p>\n<p><b>Funding:</b> CN1.5B</p>\n<p><b>Description:</b> Operates as a nuclear fusion startup develops technologies to harness the power of the Sun to bring controlled fusion for commercial uses.</p>\n</div>\n\n<div class=\"company-profile\">\n<h3>Proxima Fusion</h3>\n<p><b>Founded:</b> N/A</p>\n<p><b>Location:</b> Germany</p>\n<p><b>Funding:</b> 181.5M</p>\n<p><b>Description:</b> Creates new types of power plants using stellarators that optimised to create magnetic cages for high-energy particles.</p>\n</div>\n\n<div class=\"company-profile\">\n<h3>Marvel Fusion</h3>\n<p><b>Founded:</b> 2019</p>\n<p><b>Location:</b> Munich, Germany</p>\n<p><b>Funding:</b> $93.0M</p>\n<p><b>Description:</b> Its innovative approach to fusion energy sets Marvel Fusion apart from its competitors. Instead of relying on temperature to reach fusion conditions, Marvel Fusion uses particle acceleration, making the approach much more efficient than conventional thermal approaches to fusion.</p>\n</div>\n\n<div class=\"company-profile\">\n<h3>Xcimer Energy</h3>\n<p><b>Founded:</b> N/A</p>\n<p><b>Location:</b> USA</p>\n<p><b>Funding:</b> $117.8M</p>\n<p><b>Description:</b> Offers a laser-driven fusion to provide cheap, abundant, and carbon-free energy.</p>\n</div>\n\n</div>\n\n<div class=\"market-trends\">\n<h2>📈 Market Trends & Insights</h2>\n<p>Several key trends are shaping the nuclear fusion startup landscape:</p>\n<ul>\n<li><b>Increasing Early-Stage Activity:</b> The growing number of funding rounds for early-stage startups indicates a vibrant and expanding ecosystem.</li>\n<li><b>Diversification of Technologies:</b> Startups are exploring a wide range of fusion reactor technologies, increasing the likelihood of a breakthrough.</li>\n<li><b>Geographic Concentration:</b> The concentration of startups in specific regions highlights the importance of research infrastructure and funding availability.</li>\n<li><b>Growing Investor Interest:</b> The substantial funding raised by nuclear fusion startups reflects the increasing confidence of investors in the potential of fusion energy.</li>\n</ul>\n</div>\n\n<div class=\"strategic-recommendations\">\n<h2>🎯 Strategic Recommendations</h2>\n<p>Based on the analysis, several strategic recommendations can be made:</p>\n<ul>\n<li><b>Investment in Early-Stage Startups:</b> Investors should consider allocating capital to early-stage startups with promising technologies and strong teams.</li>\n<li><b>Collaboration and Partnerships:</b> Collaboration between startups, research institutions, and established energy companies can accelerate the development of fusion energy.</li>\n<li><b>Focus on Technology Development:</b> Continued investment in technology development is crucial to overcome the technical challenges of achieving commercial fusion.</li>\n<li><b>Policy Support:</b> Governments should provide policy support to encourage the development of fusion energy, including funding for research and development and incentives for private investment.</li>\n</ul>\n</div>\n\n<div class=\"risk-factors\">\n<h2>⚠️ Risk Factors and Uncertainties</h2>\n<p>The nuclear fusion sector faces several risk factors and uncertainties that could impact its development and commercialization. These include:</p>\n<ul>\n<li><b>Technical Challenges:</b> Achieving sustained and efficient fusion reactions remains a significant technical challenge. The complexity of plasma physics and the extreme conditions required for fusion pose significant hurdles.</li>\n<li><b>Funding Risks:</b> Fusion research requires substantial capital investment, and funding availability can be uncertain. Economic downturns or changes in government policy could impact funding levels.</li>\n<li><b>Regulatory Hurdles:</b> The regulatory framework for fusion energy is still evolving, and potential regulatory hurdles could delay or complicate the commercialization of fusion technology.</li>\n<li><b>Competition from Other Energy Sources:</b> Fusion energy will face competition from other clean energy sources, such as solar, wind, and nuclear fission. The economic viability of fusion will depend on its ability to compete with these alternatives.</li>\n<li><b>Long Development Timelines:</b> The development of commercial fusion energy is a long-term endeavor, and it may take decades to achieve widespread deployment. This long development timeline creates uncertainty and increases the risk of technological obsolescence.</li>\n</ul>\n<p>The successful development of nuclear fusion energy will depend on overcoming these risk factors and uncertainties through continued research, technological innovation, and policy support. Managing these risks is crucial for investors, startups, and policymakers involved in the sector. The development timelines are extensive, with many companies aiming for commercial viability in the 2030s or later, making long-term strategic planning and adaptive management essential.</p>\n\n<p>Additionally, public perception and acceptance of nuclear technology play a critical role. Addressing concerns about safety, waste disposal, and environmental impact is crucial for gaining public support and ensuring the long-term sustainability of the fusion industry. This requires transparent communication, robust safety protocols, and engagement with local communities to build trust and address potential concerns proactively.</p>\n</div>\n\n<div class=\"hidden-signals\">\n<h2>🕵️ Hidden Signals and Meta Observations</h2>\n<p>Several hidden signals and meta observations can be derived from the data:</p>\n<ul>\n<li><b>Regional Clusters:</b> The concentration of fusion startups in specific regions, such as the US East Coast and the UK, suggests the presence of strong regional ecosystems that foster innovation and collaboration.</li>\n<li><b>Technology Trends:</b> The increasing interest in compact fusion reactors indicates a shift towards smaller, more affordable fusion devices.</li>\n<li><b>Funding Gaps:</b> While substantial funding has been raised by the leading fusion startups, there may be funding gaps for early-stage companies and those pursuing novel technologies.</li>\n<li><b>Cross-Source Validation:</b> Comparing data from multiple sources reveals inconsistencies and gaps in the available information, highlighting the need for more comprehensive and reliable data on the nuclear fusion sector.</li>\n</ul>\n</div>\n\n<div class=\"source-citations\">\n<h2>📜 Source Citations</h2>\n<ul>\n<li>energystartups.org</li>\n<li>dealroom.co</li>\n<li>tracxn.com</li>\n<li>seedtable.com</li>\n</ul>\n</div>\n\n<div class=\"currency-normalization\">\n<h2>💰 Currency Normalization / Ambiguity Flags</h2>\n<p>Several currency values required normalization due to inconsistencies in the data:</p>\n<ul>\n<li><b>CN1.5B:</b> Assumed to be 1.5 Billion Chinese Yuan (CNY). Conversion to USD not performed due to fluctuating exchange rates.</li>\n<li><b>13.9B:</b> Value for Kyoto Fusioneering. Assumed to be Japanese Yen (JPY) or might have missing currency unit.</li>\n</ul>\n</div>\n\n<div class=\"uncertainties-missing-info\">\n<h2>❓ Uncertainties & Missing Info</h2>\n<p>Several data points were inconsistent or missing:</p>\n<ul>\n<li><b>Development Stage:</b> Development stage data was unavailable for many startups, making it difficult to assess their progress and maturity.</li>\n<li><b>Reactor Technology Details:</b> Detailed information on the specific reactor technologies being used by each startup was often lacking.</li>\n<li><b>Funding Details:</b> Specific details on funding rounds, investors, and valuations were not always available.</li>\n<li><b>Founding Years:</b> Not all startups had founding years listed, making timeline analysis challenging.</li>\n</ul>\n</div>\n\n<div class=\"final-highlights\">\n<h2>✨ Final Highlights and Recommendations</h2>\n<p>The nuclear fusion sector is characterized by significant investment, technological diversity, and geographic concentration. Overcoming the technical challenges and uncertainties will require continued research, collaboration, and policy support. Investors should focus on early-stage startups, technology development, and strategic partnerships. Policymakers should provide support for research and development and create a regulatory framework that encourages innovation and investment.</p>\n</div>\n\n<div class=\"competitive-analysis\">\n<h2>📈 Competitive Analysis</h2>\n<p>The nuclear fusion landscape is becoming increasingly competitive, with numerous startups vying to be the first to achieve commercially viable fusion energy. The competitive dynamics are shaped by technology choices, funding levels, and strategic partnerships.</p>\n\n<h3>Key Competitive Factors:</h3>\n<ul>\n<li><b>Technology Approach:</b> Different startups are pursuing various fusion technologies, each with its own advantages and challenges. Magnetic confinement (e.g., Tokamak Energy, Commonwealth Fusion Systems) is the most well-established approach, while inertial confinement (e.g., Xcimer Energy) and magneto-inertial confinement (e.g., Helion Energy) are gaining traction.</li>\n<li><b>Funding and Investment:</b> Access to capital is crucial for funding research, development, and construction of fusion reactors. Startups with strong financial backing have a significant competitive advantage.</li>\n<li><b>Strategic Partnerships:</b> Collaborations with research institutions, government agencies, and established energy companies can provide access to expertise, resources, and markets.</li>\n<li><b>Intellectual Property:</b> Protecting proprietary technologies and innovations through patents and trade secrets is essential for maintaining a competitive edge.</li>\n<li><b>Talent Acquisition:</b> Attracting and retaining top scientists, engineers, and business professionals is critical for driving innovation and execution.</li>\n</ul>\n\n<h3>Competitive Matrix</h3>\n<table>\n<thead>\n<tr>\n<th>Company</th>\n<th>Technology</th>\n<th>Funding (USD)</th>\n<th>Key Strengths</th>\n<th>Key Weaknesses</th>\n</tr>\n</thead>\n<tbody>\n<tr>\n<td>Commonwealth Fusion Systems</td>\n<td>Magnetic Confinement (Tokamak)</td>\n<td>$2.1B</td>\n<td>Strong funding, MIT collaboration</td>\n<td>Technological complexity, scalability</td>\n</tr>\n<tr>\n<td>TAE Technologies</td>\n<td>Field Reversed Configuration</td>\n<td>$1.2B</td>\n<td>Advanced technology, boron-hydrogen fusion</td>\n<td>Technical challenges, long development timeline</td>\n</tr>\n<tr>\n<td>Helion Energy</td>\n<td>Magneto-Inertial Confinement</td>\n<td>$977M</td>\n<td>Innovative approach, high power density</td>\n<td>Technical challenges, unproven technology</td>\n</tr>\n<tr>\n<td>General Fusion</td>\n<td>Magnetized Target Fusion</td>\n<td>$455M</td>\n<td>Unique approach, potential for cost-effectiveness</td>\n<td>Technical complexity, scalability</td>\n</tr>\n<tr>\n<td>Zap Energy</td>\n<td>Z-Pinch</td>\n<td>$330M</td>\n<td>Compact design, no need for large magnets</td>\n<td>Technical challenges, scalability</td>\n</tr>\n<tr>\n<td>Tokamak Energy</td>\n<td>Spherical Tokamak</td>\n<td>$287M</td>\n<td>Compact design, rapid development</td>\n<td>Technical challenges, scalability</td>\n</tr>\n<tr>\n<td>Xcimer Energy</td>\n<td>Laser Inertial Fusion</td>\n<td>$117.8M</td>\n<td>Scalability</td>\n<td>Requires high performance, high repetition-rate lasers</td>\n</tr>\n<tr>\n<td>Marvel Fusion</td>\n<td>Laser-driven fusion</td>\n<td>$93.0M</td>\n<td>Efficient, uses particle acceleration</td>\n<td>New concept</td>\n</tr>\n</tbody>\n</table>\n</div>\n\n<div class=\"timeline-breakdown\">\n<h2>🕐 Timeline Breakdown</h2>\n<p>The development of nuclear fusion energy is a long-term endeavor, with most companies aiming for commercial viability in the 2030s or later. Key milestones include achieving scientific breakeven, building prototype reactors, and demonstrating grid-scale power generation.</p>\n\n<h3>Timeline of Key Events:</h3>\n<table>\n<thead>\n<tr>\n<th>Company</th>\n<th>Founded</th>\n<th>Target for Breakeven</th>\n<th>Target for Prototype Reactor</th>\n<th>Target for Commercial Operation</th>\n</tr>\n</thead>\n<tbody>\n<tr>\n<td>Commonwealth Fusion Systems</td>\n<td>2018</td>\n<td>2025</td>\n<td>Early 2030s</td>\n<td>2030s</td>\n</tr>\n<tr>\n<td>TAE Technologies</td>\n<td>1998</td>\n<td>N/A</td>\n<td>2030s</td>\n<td>2030s</td>\n</tr>\n<tr>\n<td>Helion Energy</td>\n<td>2010</td>\n<td>2024</td>\n<td>2028</td>\n<td>2030s</td>\n</tr>\n<tr>\n<td>General Fusion</td>\n<td>2002</td>\n<td>N/A</td>\n<td>2025</td>\n<td>2030s</td>\n</tr>\n<tr>\n<td>Tokamak Energy</td>\n<td>2009</td>\n<td>N/A</td>\n<td>2025</td>\n<td>2030s</td>\n</tr>\n<tr>\n<td>Zap Energy</td>\n<td>2017</td>\n<td>N/A</td>\n<td>N/A</td>\n<td>2030s</td>\n</tr>\n<tr>\n<td>Xcimer Energy</td>\n<td>N/A</td>\n<td>N/A</td>\n<td>N/A</td>\n<td>N/A</td>\n</tr>\n<tr>\n<td>Marvel Fusion</td>\n<td>2019</td>\n<td>N/A</td>\n<td>N/A</td>\n<td>N/A</td>\n</tr>\n</tbody>\n</table>\n</div>\n\n<div class=\"enhanced-company-profiles\">\n<h2>🏢 Enhanced Company Profiles</h2>\n<p>Detailed profiles of selected nuclear fusion startups, including founding story, technology details, funding history, competitive position, and key milestones.</p>\n\n<div class=\"company-profile\">\n<h3>Commonwealth Fusion Systems</h3>\n<p><b>Founded:</b> 2018</p>\n<p><b>Location:</b> Cambridge, MA, USA</p>\n<p><b>Funding:</b> $2.1B</p>\n<p><b>Description:</b> Commonwealth Fusion Systems (CFS) is developing fusion power systems based on the ARC tokamak reactor. The company was founded in 2018 as a spin-off from MIT's Plasma Science and Fusion Center. CFS uses rare-earth barium copper oxide (REBCO) in high-field superconducting magnets for compact fusion reactors. Their approach aims to achieve net energy gain from fusion reactions.</p>\n<p><b>Technology Details:</b> CFS is using high-temperature superconducting magnets to build a compact tokamak reactor. The ARC reactor design is based on decades of research at MIT and is expected to achieve higher power density and lower cost compared to traditional tokamak designs.</p>\n<p><b>Key Investors:</b> Temasek, Khosla Ventures, Eni Next, Breakthrough Energy Ventures, Tiger Global Management, D1 Capital Partners, and 42 Others.</p>\n</div>\n\n<div class=\"company-profile\">\n<h3>TAE Technologies</h3>\n<p><b>Founded:</b> 1998</p>\n<p><b>Location:</b> Lake Forest, CA, USA</p>\n<p><b>Funding:</b> $1.2B</p>\n<p><b>Description:</b> TAE Technologies utilizes proprietary advanced beam-driven Field Reversed Configuration (FRC) technology to create a superheated plasma environment. The company was founded in 1998 and is based in Lake Forest, California. TAE's approach focuses on using hydrogen-boron fusion, which is aneutronic (produces no neutrons) and could offer significant advantages in terms of safety and waste management.</p>\n<p><b>Technology Details:</b> TAE Technologies' FRC technology uses a closed magnetic field to confine plasma. Accelerated particles due to hydrogen and boron would fusion(p-B11) & result in the generation of helium and energy.</p>\n<p><b>Key Investors:</b> Venrock, Goldman Sachs, NEA, Rusnano, Wellcome Trust, Vulcan Capital, Farallon Capital, and 20 Others.</p>\n</div>\n\n<div class=\"company-profile\">\n<h3>Helion Energy</h3>\n<p><b>Founded:</b> 2010</p>\n<p><b>Location:</b> Redmond, WA, USA</p>\n<p><b>Funding:</b> $977M</p>\n<p><b>Description:</b> Helion Energy is a fusion power company aiming to build the world's first fusion power plant. A plasma generated from deuterium & helium is accelerated by pulsed magnetic fields to fuse the nuclei resulting in the release of high temperature. Heat energy is used to generate power.</p>\n<p><b>Technology Details:</b> Helion Energy is developing a magneto-inertial fusion reactor that uses pulsed magnetic fields to compress and heat plasma. The company claims that its approach can achieve high power density and lower capital costs compared to other fusion technologies.</p>\n<p><b>Key Investors:</b> Y Combinator, Mithril Capital Management, Capricorn Investment Group, Dustin Moskovitz, Founders Fund, and 15 Others.</p>\n</div>\n</div>\n\n<div class=\"enhanced-risk-factors\">\n<h2>⚠️ Enhanced Risk Factors and Uncertainties</h2>\n<p>A more detailed analysis of the risk factors and uncertainties associated with nuclear fusion energy, including technology risks, funding risks, regulatory hurdles, competition, and public perception.</p>\n\n<h3>Technology Risks:</h3>\n<ul>\n<li><b>Achieving Sustained Fusion:</b> Sustained and efficient fusion reactions remain a significant technical challenge. Maintaining stable plasma conditions for extended periods is difficult due to turbulence, instabilities, and energy losses.</li>\n<li><b>Material Science Challenges:</b> The extreme conditions inside fusion reactors, including high temperatures, radiation, and magnetic fields, place significant demands on materials. Developing materials that can withstand these conditions for extended periods is a major challenge.</li>\n<li><b>Scaling Up Technology:</b> Scaling up fusion technology from laboratory experiments to commercial-scale power plants is a complex and costly process. Many technical challenges arise when scaling up plasma size, magnetic field strength, and power output.</li>\n</ul>\n\n<h3>Funding Risks:</h3>\n<ul>\n<li><b>Capital Intensity:</b> Fusion research and development require substantial capital investment. Building and operating fusion reactors is expensive, and funding availability can be uncertain.</li>\n<li><b>Long Development Timelines:</b> The long development timelines of fusion energy create uncertainty and increase the risk of technological obsolescence. Investors may be hesitant to commit capital to projects with long payback periods.</li>\n<li><b>Competition for Funding:</b> Fusion energy competes with other clean energy sources, such as solar, wind, and nuclear fission, for funding. Changes in government policy or investor preferences could impact funding levels.</li>\n</ul>\n\n<h3>Regulatory Hurdles:</h3>\n<ul>\n<li><b>Evolving Regulatory Framework:</b> The regulatory framework for fusion energy is still evolving, and potential regulatory hurdles could delay or complicate the commercialization of fusion technology.</li>\n<li><b>Licensing and Permitting:</b> Obtaining licenses and permits to build and operate fusion reactors can be a complex and time-consuming process. Regulatory agencies may require extensive safety assessments and environmental impact studies.</li>\n<li><b>Liability and Insurance:</b> The potential risks associated with fusion energy raise questions about liability and insurance. Establishing a clear framework for liability and insurance is crucial for attracting investment and ensuring public safety.</li>\n</ul>\n\n<h3>Competition from Other Energy Sources:</h3>\n<ul>\n<li><b>Renewable Energy:</b> Fusion energy will face competition from renewable energy sources, such as solar and wind, which are becoming increasingly cost-competitive. The economic viability of fusion will depend on its ability to compete with these alternatives.</li>\n<li><b>Nuclear Fission:</b> Nuclear fission is a well-established energy source, and advanced fission reactors offer improved safety and efficiency compared to traditional designs. Fusion will need to demonstrate significant advantages over fission to gain market share.</li>\n<li><b>Energy Storage:</b> Advances in energy storage technologies, such as batteries and pumped hydro, could reduce the need for baseload power generation, making fusion less competitive.</li>\n</ul>\n\n</div>\n</div>",
    "call_self": false,
    "cost": 0.0019989,
    "input_tokens": 2757,
    "output_tokens": 4308,
    "total_tokens": 7065
  }
}